SN,Days,Sample.Type,SVA.MLV_ID50,SVA.MLV_ID80,SVA.MLV_MPI,PseudoSpike_ID50,PseudoSpike_ID80,PseudoSpike_MPI,Positive_Neut,Non.Specific 
CV06HC014,Day 1,Saliva,<10,<10,0.1,<10,<10,0.11,N,N
CV06HC003,Day 3,Saliva,<10,<10,0.32,<10,<10,0.35,N,N
CV06HC004,Day 15,Saliva,<10,<10,0.31,<10,<10,0.07,N,N
CV06BW010,Day 1,Saliva,31,15,0.98,181,49,0.87,Y,Y
CV06BW010,Day 3,Saliva,nt,nt,nt,119,41,0.72,N,N
CV06BW010,Day 15,Saliva,19,<10,0.75,93,30,0.9,Y,Y
CV06HC001,Day 1,Saliva,10,<10,0.51,<10,<10,0.22,N,Y
CV06HC003,Day 1,Saliva,<10,<10,0.5,<10,<10,0.04,N,N
CV06HC001,Day 3,Saliva,nt,nt,nt,nt,nt,nt,N,N
CV06HC001,Day 15,Saliva,<10,<10,0.43,<10,<10,0.12,N,N
CV06HC003,Day 15,Saliva,<10,<10,0.37,13,<10,0.68,Y,N
CV06HC004,Day 1,Saliva,<10,<10,0.2,<10,<10,0.1,N,N
CV06HC004,Day 3,Saliva,<10,<10,0.18,<10,<10,0,N,N
CV06UM009,Day 1,Saliva,<10,<10,0.1,14,<10,0.71,Y,N
CV06UM009,Day 3,Saliva,<10,<10,0.09,18,11,0.87,Y,N
CV06UM009,Day 15,Saliva,<10,<10,0.12,17,11,0.89,Y,N
CV06UM014,Day 1,Saliva,29,14,0.96,89,<10,0.77,Y,Y
CV06UM014,Day 15,Saliva,28,15,0.99,106,44,0.88,Y,Y
CV06FH003,Day 1,Saliva,<10,<10,0.02,19,11,0.88,Y,N
CV06FH003,Day 3,Saliva,<10,<10,0.08,17,<10,0.7,Y,N
CV06FH003,Day 15,Saliva,<10,<10,0.13,19,12,0.89,Y,N
CV06FH005,Day 1,Saliva,101,62,0.97,61,48,0.87,N,Y
CV06FH005,Day 3,Saliva,89,33,0.95,67,49,0.88,N,Y
CV06FH005,Day 15,Saliva,119,62,0.95,67,49,0.88,N,Y
CV06FH011,Day 1,Saliva,<10,<10,0.06,18,<10,0.71,Y,N
CV06FH011,Day 3,Saliva,<10,<10,0.18,<10,<10,0.42,N,N
CV06FH011,Day 15,Saliva,<10,<10,-0.07,11,<10,0.53,Y,N
CV06HC014,Day 3,Saliva,<10,<10,0.13,<10,<10,0.14,N,N
CV06HC014,Day 15,Saliva,<10,<10,0.19,<10,<10,0.22,N,N
CV06BW010,Day 3,NLF,<10,<10,0.23,27,13,0.9,Y,N
CV06BW010,Day 15,NLF,<10,<10,0.24,55,19,1,Y,N
CV06FH003,Day 3,NLF,<10,<10,0.32,135,61,1,Y,N
CV06FH003,Day 15,NLF,<10,<10,0.09,199,73,1,Y,N
CV06FH005,Day 3,NLF,<10,<10,0.08,14,<10,0.63,Y,N
CV06FH005,Day 15,NLF,<10,<10,0.15,30,15,0.99,Y,N
CV06FH011,Day 3,NLF,<10,<10,0.05,22,13,0.94,Y,N
CV06FH011,Day 15,NLF,<10,<10,0.06,20,<10,0.8,Y,N
CV06HC001,Day 3,NLF,<10,<10,0.05,<10,<10,0.19,N,N
CV06HC001,Day 15,NLF,<10,<10,0.19,<10,<10,0.23,N,N
CV06HC003,Day 3,NLF,<10,<10,0.17,141,65,1,Y,N
CV06HC003,Day 15,NLF,<10,<10,0.12,181,77,1,Y,N
CV06HC004,Day 1,NLF,<10,<10,0.03,<10,<10,0.16,N,N
CV06HC004,Day 3,NLF,<10,<10,0.22,<10,<10,0.06,N,N
CV06HC004,Day 15,NLF,<10,<10,0.11,<10,<10,0.23,N,N
CV06HC014,Day 3,NLF,<10,<10,0.12,<10,<10,0.22,N,N
CV06HC014,Day 1,NLF,<10,<10,0.14,<10,<10,0.24,N,N
CV06HC014,Day 15,NLF,<10,<10,0.11,<10,<10,0.23,N,N
CV06UM009,Day 15,NLF,<10,<10,0.15,29,15,0.99,Y,N
CV06UM009,Day 3,NLF,<10,<10,0.2,35,16,1,Y,N
CV06UM014,Day 15,NLF,<10,<10,0,<10,<10,0.32,N,N
CV06UM014,Day 3,NLF,<10,<10,-0.04,<10,<10,0.14,N,N
CV06BW010,Day 1,NLF,<10,<10,0.19,44,18,0.99,Y,N
CV06FH003,Day 1,NLF,<10,<10,0.15,184,83,1,Y,N
CV06FH005,Day 1,NLF,<10,<10,0.07,23,13,0.93,Y,N
CV06FH011,Day 1,NLF,<10,<10,0.19,24,13,0.93,Y,N
CV06HC003,Day 1,NLF,<10,<10,0.08,112,53,1,Y,N
CV06HC001,Day 1,NLF,<10,<10,0.09,<10,<10,0.18,N,N
CV06UM009,Day 1,NLF,<10,<10,0.25,50,19,1,Y,N
