Subject.ID,Days,Specimen.Type,Ab_ST_day,Spike.sIgA.Unadjusted,Spike.sIgA.Normalized,Total.IgA,Spike.IgG
CV06BW003,Day 15,NLF,Day 15 NLF,14.08,18.47327012,76.21823265,83.71
CV06BW008,Day 15,NLF,Day 15 NLF,39.49,54.61221841,72.30982581,42.37
CV06BW010,Day 3,NLF,Day 3 NLF,109.8,224.0946096,48.9971625,43.61
CV06BW010,Day 15,NLF,Day 15 NLF,124.8,159.4086632,78.28934605,80.11
CV06BW011,Day 15,NLF,Day 15 NLF,11.46,39.04445472,29.35115904,23.48
CV06BW012,Day 3,NLF,Day 3 NLF,88.77,202.3793699,43.8631665,20.84
CV06BW013,Day 3,NLF,Day 3 NLF,3.027,13.12423405,23.06420312,17.06
CV06BW015,Day 15,NLF,Day 15 NLF,2.222,7.435386494,29.88412239,43.36
CV06FH001,Day 15,NLF,Day 15 NLF,89.78,101.93316,88.07732437,99.1
CV06FH002,Day 3,NLF,Day 3 NLF,0.3772,1.227342143,30.73307651,2.566
CV06FH003,Day 3,NLF,Day 3 NLF,307.5,556.2276516,55.28311998,44.01
CV06FH003,Day 15,NLF,Day 15 NLF,326.1,377.4340876,86.39919147,39.68
CV06FH005,Day 15,NLF,Day 15 NLF,68.78,185.5247923,37.07321223,60.04
CV06FH007,Day 15,NLF,Day 15 NLF,9.054,24.42194635,37.07321223,9.411
CV06FH008,Day 3,NLF,Day 3 NLF,22.64,9.957770647,227.3601271,51.88
CV06FH008,Day 15,NLF,Day 15 NLF,9.939,11.13093004,89.29173,41.43
CV06FH009,Day 15,NLF,Day 15 NLF,35.07,38.54832985,90.97670415,96.11
CV06FH010,Day 15,NLF,Day 15 NLF,30.93,28.65829509,107.9268669,26.11
CV06FH011,Day 3,NLF,Day 3 NLF,54.98,39.56538844,138.9598388,54.16
CV06HC001,Day 15,NLF,Day 15 NLF,2.184,10.31492118,21.17321074,5.117
CV06HC002,Day 3,NLF,Day 3 NLF,2.919,7.884442942,37.02227312,14.45
CV06HC002,Day 15,NLF,Day 15 NLF,4.481,5.830743804,76.85125861,14.42
CV06HC003,Day 3,NLF,Day 3 NLF,109.4,43.57555498,251.0581909,146.8
CV06HC004,Day 3,NLF,Day 3 NLF,11.94,17.17171701,69.53294184,9.199
CV06HC005,Day 15,NLF,Day 15 NLF,15.81,15.90303772,99.41496888,90.33
CV06HC007,Day 3,NLF,Day 3 NLF,155.3,152.8657336,101.5924212,52.05
CV06HC008,Day 3,NLF,Day 3 NLF,44.76,19.22290945,232.8471666,61.72
CV06HC008,Day 15,NLF,Day 15 NLF,30.82,19.70300712,156.4228232,51.79
CV06HC009,Day 15,NLF,Day 15 NLF,22.96,33.02032014,69.53294184,80.47
CV06HC010,Day 3,NLF,Day 3 NLF,132.3,137.1346037,96.47455595,60.85
CV06HC011,Day 15,NLF,Day 15 NLF,40.04,28.11462555,142.4169777,16.53
CV06HC012,Day 15,NLF,Day 15 NLF,25.47,16.38566873,155.4407111,24.09
CV06HC013,Day 3,NLF,Day 3 NLF,30.01,73.00188443,41.10852786,2.91
CV06HC014,Day 3,NLF,Day 3 NLF,11.22,7.943625143,141.2453357,9.254
CV06HC015,Day 3,NLF,Day 3 NLF,19.32,22.17014999,87.14420068,33.22
CV06UM001,Day 3,NLF,Day 3 NLF,2.867,4.669422677,61.39945339,27.96
CV06UM002,Day 15,NLF,Day 15 NLF,6.673,9.659768634,69.08032949,3.387
CV06UM003,Day 3,NLF,Day 3 NLF,4.732,11.27561098,41.96668373,29.33
CV06UM003,Day 15,NLF,Day 15 NLF,7.825,11.18853859,69.93764141,34.34
CV06UM005,Day 3,NLF,Day 3 NLF,1.656,3.213251956,51.53657486,5.236
CV06UM005,Day 15,NLF,Day 15 NLF,22.09,42.70557867,51.72626314,8.825
CV06UM007,Day 3,NLF,Day 3 NLF,1.316,7.413742163,17.75081964,23.46
CV06UM008,Day 15,NLF,Day 15 NLF,7.7,57.34739447,13.42693957,8.453
CV06UM009,Day 3,NLF,Day 3 NLF,40.45,57.03824195,70.91733303,84.8
CV06UM010,Day 3,NLF,Day 3 NLF,6.995,15.01313536,46.5925327,15.56
CV06UM011,Day 15,NLF,Day 15 NLF,6.687,9.186834574,72.78894538,8.994
CV06UM012,Day 15,NLF,Day 15 NLF,7.517,8.317926473,90.37108015,13.42
CV06UM013,Day 15,NLF,Day 15 NLF,28.42,54.30199506,52.33693526,32.41
CV06UM014,Day 15,NLF,Day 15 NLF,3.703,6.075504111,60.94967483,8.192
CV06UM015,Day 3,NLF,Day 3 NLF,21.37,46.19699426,46.2584208,12.13
CV06BW003,Day 15,Saliva,Day 15 Saliva,2.233,6.745183906,33.11015864,6.8185
CV06BW008,Day 15,Saliva,Day 15 Saliva,12.76,52.41942891,24.34211945,0.6644
CV06BW010,Day 3,Saliva,Day 3 Saliva,12.665,33.23699181,38.10153194,5.231
CV06BW011,Day 3,Saliva,Day 3 Saliva,3.914,7.187191373,54.45799057,4.034
CV06BW011,Day 15,Saliva,Day 15 Saliva,2.428,6.127251921,39.62624732,1.951
CV06BW012,Day 3,Saliva,Day 3 Saliva,2.979,17.18392973,17.33596475,0.8951
CV06BW015,Day 15,Saliva,Day 15 Saliva,4.096333333,14.86676247,27.4752175,0.873066667
CV06FH001,Day 15,Saliva,Day 15 Saliva,9.977,39.58532309,25.20974962,2.7995
CV06FH002,Day 3,Saliva,Day 3 Saliva,1.237,5.605007104,22.06955276,0.1818
CV06FH003,Day 3,Saliva,Day 3 Saliva,11.03,51.82372487,21.28368817,3.309
CV06FH003,Day 15,Saliva,Day 15 Saliva,7.189,47.09478501,15.2649598,1.22
CV06FH005,Day 3,Saliva,Day 3 Saliva,2.801,22.65328872,12.3646506,1.348
CV06FH007,Day 3,Saliva,Day 3 Saliva,7.385,25.7568451,28.6719898,0.2674
CV06FH007,Day 15,Saliva,Day 15 Saliva,0.5756,4.599111473,12.51546094,0.1398
CV06FH008,Day 15,Saliva,Day 15 Saliva,2.499,6.585306483,37.9481199,1.22
CV06FH009,Day 3,Saliva,Day 3 Saliva,2.601,7.909323968,32.94543605,3.8005
CV06FH010,Day 3,Saliva,Day 3 Saliva,0.17845,1.436459753,12.42661986,0.98915
CV06FH011,Day 3,Saliva,Day 3 Saliva,3.311,18.10229023,18.21082487,4.098
CV06HC001,Day 15,Saliva,Day 15 Saliva,0.01433,0.28173871,5.085342415,0.050075
CV06HC002,Day 15,Saliva,Day 15 Saliva,0.07247,0.46068223,15.73927188,0.489
CV06HC003,Day 15,Saliva,Day 15 Saliva,1.7355,5.552052879,31.32645208,6.886
CV06HC004,Day 15,Saliva,Day 15 Saliva,2.265,9.030338969,25.09225031,1.046
CV06HC005,Day 15,Saliva,Day 15 Saliva,0.30105,1.609137695,18.73480937,4.084
CV06HC007,Day 3,Saliva,Day 3 Saliva,21.025,59.54458323,35.37230035,3.0475
CV06HC008,Day 3,Saliva,Day 3 Saliva,1.47,5.115333974,28.7371266,2.056
CV06HC008,Day 15,Saliva,Day 15 Saliva,0.8576,3.661568355,23.42165752,2.78
CV06HC009,Day 15,Saliva,Day 15 Saliva,0.5978,4.790475202,12.47600752,5.1275
CV06HC010,Day 15,Saliva,Day 15 Saliva,16.245,28.46998051,56.85550185,33.075
CV06HC011,Day 3,Saliva,Day 3 Saliva,0.7865,4.308054717,18.26591346,0.9632
CV06HC012,Day 3,Saliva,Day 3 Saliva,1.00495,3.791939455,26.50615428,3.938
CV06HC013,Day 3,Saliva,Day 3 Saliva,5.924,35.11390157,16.87081109,0.3504
CV06HC013,Day 15,Saliva,Day 15 Saliva,10.92,32.91507778,33.17628496,1.571
CV06HC014,Day 15,Saliva,Day 15 Saliva,0.25285,1.740261445,14.58713315,3.097
CV06HC015,Day 3,Saliva,Day 3 Saliva,0.2171,1.508269816,14.39397631,4.352
CV06HC015,Day 15,Saliva,Day 15 Saliva,0.1784,1.160301235,15.3753176,2.498
CV06UM001,Day 3,Saliva,Day 3 Saliva,4.803,9.370678641,51.25562602,13.9
CV06UM001,Day 15,Saliva,Day 15 Saliva,5.073,8.561159346,59.2559932,10.22
CV06UM002,Day 3,Saliva,Day 3 Saliva,3.034,10.09441429,30.05622626,0.008191
CV06UM002,Day 15,Saliva,Day 15 Saliva,2.813,8.189822589,34.34750838,0.01793
CV06UM003,Day 3,Saliva,Day 3 Saliva,6.1895,11.35823682,54.55077206,0.83365
CV06UM005,Day 3,Saliva,Day 3 Saliva,0.1335,0.748114328,17.84486609,0.2786
CV06UM005,Day 15,Saliva,Day 15 Saliva,0.3133,1.541627751,20.32267516,0.06404
CV06UM007,Day 15,Saliva,Day 15 Saliva,1.1045,4.649341837,23.79463819,0.11425
CV06UM008,Day 3,Saliva,Day 3 Saliva,1.928,10.53966801,18.29279631,0.9663
CV06UM008,Day 15,Saliva,Day 15 Saliva,3.704,12.3232672,30.05696411,1.843
CV06UM009,Day 3,Saliva,Day 3 Saliva,0.8181,4.592153178,17.81517228,4.591
CV06UM009,Day 15,Saliva,Day 15 Saliva,0.9519,4.541949167,20.95796243,2.513
CV06UM011,Day 3,Saliva,Day 3 Saliva,0.4743,5.386080959,8.833935446,0.16933
CV06UM012,Day 15,Saliva,Day 15 Saliva,1.565,6.145031726,25.46051126,0.03794
CV06UM013,Day 3,Saliva,Day 3 Saliva,5.6245,22.55029346,24.89044083,2.1885
CV06UM014,Day 3,Saliva,Day 3 Saliva,1.977,9.536353523,20.73119453,0.08327
CV06UM015,Day 3,Saliva,Day 3 Saliva,1.569,5.568692265,28.17537629,0.1465
CV06UM015,Day 15,Saliva,Day 15 Saliva,1.947,6.566228002,29.65172698,6.733
